<?xml version="1.0" encoding="UTF-8"?>
<structure>
  <type>fa</type>
  <state id="0" name="q0">
    <initial/>
  </state>
  <state id="1" name="q1">
    <final/>
  </state>
  <state id="2" name="q2">
  </state>
  <transition>
    <from>0</from>
    <to>1</to>
    <read>VARIDENT</read>
  </transition>
  <transition>
    <from>0</from>
    <to>1</to>
    <read>BOOL</read>
  </transition>
  <transition>
    <from>0</from>
    <to>1</to>
    <read>INT</read>
  </transition>
  <transition>
    <from>0</from>
    <to>2</to>
    <read>"not"</read>
  </transition>
  <transition>
    <from>2</from>
    <to>1</to>
    <read>ATOMO_COND</read>
  </transition>
</structure>