<?xml version="1.0" encoding="UTF-8"?>
<structure>
  <type>fa</type>
  <state id="0" name="q0">
    <initial/>
  </state>
  <state id="1" name="q1">
  </state>
  <state id="2" name="q2">
  </state>
  <state id="3" name="q3">
    <final/>
  </state>
  <transition>
    <from>0</from>
    <to>1</to>
    <read>"+"</read>
  </transition>
  <transition>
    <from>0</from>
    <to>1</to>
    <read>"-"</read>
  </transition>
  <transition>
    <from>0</from>
    <to>2</to>
    <read>"call"</read>
  </transition>
  <transition>
    <from>0</from>
    <to>3</to>
    <read>INT</read>
  </transition>
  <transition>
    <from>0</from>
    <to>3</to>
    <read>STR</read>
  </transition>
  <transition>
    <from>0</from>
    <to>3</to>
    <read>CHAR</read>
  </transition>
  <transition>
    <from>0</from>
    <to>3</to>
    <read>BOOL</read>
  </transition>
  <transition>
    <from>0</from>
    <to>3</to>
    <read>VARIDENT</read>
  </transition>
  <transition>
    <from>1</from>
    <to>2</to>
    <read>"call"</read>
  </transition>
  <transition>
    <from>1</from>
    <to>3</to>
    <read>INT</read>
  </transition>
  <transition>
    <from>1</from>
    <to>3</to>
    <read>VARIDENT</read>
  </transition>
  <transition>
    <from>2</from>
    <to>3</to>
    <read>FUNCTION_CALL</read>
  </transition>
</structure>